,A0101,A0201,A0202,A0203,A0204,A0205,A0206,A0207,A0211,A0301,A1101,A1102,A2301,A2402,A2407,A2501,A2601,A2902,A3001,A3002,A3101,A3201,A3301,A3303,A3401,A3402,A3601,A6601,A6801,A6802,A7401,B0702,B0704,B0801,B1301,B1302,B1402,B1501,B1502,B1503,B1510,B1517,B1801,B2705,B3501,B3503,B3507,B3701,B3801,B3802,B4001,B4002,B4006,B4201,B4402,B4403,B4501,B4601,B4901,B5001,B5101,B5201,B5301,B5401,B5501,B5502,B5601,B5701,B5703,B5801,B5802,C0102,C0202,C0302,C0303,C0304,C0401,C0403,C0501,C0602,C0701,C0702,C0704,C0801,C0802,C1202,C1203,C1402,C1403,C1502,C1601,C1701,G0101,G0103,G0104,PAN
12,0.07954091409964992,0.059453973746104616,0.053499870128407956,0.039426074771214736,0.05723807943280823,0.07546999089851969,0.09189923587718596,0.05211500618731124,0.09608019591663552,0.09076700047959507,0.1307344050724062,0.12574841365773404,0.07486299918670314,0.055991212820140746,0.0680099368967313,0.12842452786542458,0.12870906791898262,0.18422877165258988,0.1692631149217414,0.10129313049069477,0.21779156777270625,0.08443545158306343,0.17735028566570854,0.11877219988287546,0.1362326826951561,0.10039570134582121,0.15809215529975162,0.10177900125580264,0.12902901280508994,0.19074831517602497,0.08371036269350318,0.08062385944034434,0.11277915127179439,0.2576478029449083,0.07288061581936223,0.09149472659372693,0.15190150002190528,0.07600604976485048,0.1531695282179264,0.06941396375464315,0.07600802574372123,0.09288908710164812,0.05910628500228743,0.05858789656872476,0.1653916388234098,0.12275157040458495,0.1677700805565343,0.10905313784284054,0.09474995604679703,0.08128286900341886,0.05423549390437632,0.0571056386522506,0.053996564681210835,0.09124154250116367,0.039951126428921846,0.03465431484256776,0.06591217246230174,0.16328217462522598,0.041378929227648964,0.09417773471080837,0.3175685217623401,0.15794146096275297,0.1547825555861273,0.15292267957391692,0.10818941141559613,0.07726379779160908,0.11115030645621982,0.11486098517628918,0.062499929042165725,0.09193823273692736,0.12301188679379393,0.1441957180246174,0.13916388811863678,0.11901616924669112,0.11482771839127492,0.09748843322427314,0.09606826925955048,0.19531809721782167,0.1273706692067158,0.14503210201874062,0.2104780286393666,0.11677413359987554,0.2860830157244596,0.11494394843283873,0.07344667105392944,0.08219347939146138,0.09313669461757446,0.061732622159643924,0.04823273277305251,0.08694236867763383,0.09006850270120914,0.11942024461181688,0.1529168548003641,0.19232242381104836,0.17005117062513353,0.06947143006605305
13,0.09937121805754323,0.07843459553922294,0.07740356850608787,0.07803415152030446,0.11415177510470453,0.09785134989872635,0.1240780559824497,0.06598398388366888,0.11211738517921432,0.11676249526206384,0.06958068503422332,0.08313245023748372,0.10958281538734749,0.10630061181128436,0.16230683428322834,0.16118556023592223,0.14004876713989356,0.24250023263181575,0.1355965022899781,0.10642561294216701,0.18836187986120478,0.08753664965709707,0.1156773262195907,0.10632321908135456,0.09860819708332613,0.09046451453489368,0.15525797864677804,0.10489815940018765,0.14329339822846165,0.18442653789624508,0.09355096353246672,0.14400077932665223,0.16064947389482853,0.25290952296484015,0.07488416114175322,0.10279892116403389,0.12904280787592182,0.08424948132469545,0.16306866569667733,0.06723067361501922,0.13463667930631296,0.12732600406190198,0.12698198755983903,0.1402562475341398,0.2504053893725935,0.13896001222186882,0.1365212514718408,0.15127662527310992,0.09501882993397004,0.08648980751747182,0.07956846558036546,0.07759203573615547,0.09358821909602888,0.07771708580337311,0.182508935663102,0.21728339727713397,0.1295207715222908,0.1760317283507744,0.07505407968617295,0.24275340990336236,0.11875483540177445,0.14345826467475575,0.11318990761932568,0.1657448291957353,0.14843751523126159,0.15307125642597263,0.13986367697100288,0.19344873332831725,0.09348261592719265,0.12501085606302365,0.2251285957944642,0.12527800563483726,0.1781216130545209,0.15734732692341513,0.10158719018833295,0.09875851089554999,0.10212155864234695,0.1531564602697646,0.07495797139578375,0.1362154886040674,0.21598691901552058,0.2034234578125007,0.26492479364313315,0.13415289559233834,0.05164755931247145,0.14454817970186706,0.11758635989438915,0.13832888197330906,0.08476963703542495,0.09617958770108981,0.08028215443900155,0.15444937975686646,0.14311495185321066,0.1494775710618077,0.16496881628918247,0.025562791905286986
14,0.19054044263647718,0.07804166052754002,0.06682954759772208,0.06641391248269457,0.0958594081121964,0.07610854405724776,0.1112090228331235,0.06141235924790678,0.10610889467032258,0.11606375797643675,0.07173657188435634,0.09195857448904565,0.07872861471434245,0.08974695442158342,0.13835464701747746,0.16142548228220654,0.1467679252499572,0.17253425806840816,0.17143174033177733,0.11665018702392072,0.22124000177422243,0.09276398554307885,0.10700897078431115,0.08167380702807225,0.10671837321612632,0.09528566347788736,0.14689108038532428,0.11453302149130806,0.14261337618853798,0.1506895080955193,0.10196785125982899,0.12353888782596734,0.15448550671992312,0.22423200474514005,0.06771704796276179,0.0986213017493176,0.1564742077006951,0.07253695569454877,0.1420450168523395,0.11241517078866803,0.14178836192105315,0.12429463243999095,0.11264043866374962,0.13209056103940497,0.24805902405755553,0.1515045047351835,0.12847623670947694,0.1252178920794531,0.1011944773675788,0.09813664828643809,0.10109953103570835,0.07518288664358064,0.1111299223224762,0.07695365653466091,0.18370446153892672,0.18285506456509548,0.13214142442495458,0.18045258176539125,0.06810414514428498,0.3037713367056396,0.11929780648397248,0.13759471887632824,0.12222824553693812,0.1803957648069554,0.1411879290978595,0.14221153318850188,0.1354759517750601,0.2032675295250037,0.1407952906360137,0.1397031164773459,0.21323393151450176,0.14072119289969898,0.21600959895488803,0.13843105172936188,0.09580327344515016,0.088281987028064,0.1271868037292876,0.1668362183417056,0.11820199704520018,0.15261957075928123,0.24118090248992363,0.1834267596869461,0.2717151054365958,0.09567976825900004,0.0621507992209267,0.15228034617663777,0.10504727314778872,0.13751571885814062,0.07424023891587517,0.10719422651237664,0.0768637493360389,0.18543872830598396,0.1653862444896852,0.18567450929617024,0.19405953668345344,0.013404226304774447
15,0.19405514881348296,0.07107290199749272,0.08423340322963746,0.08277199503710886,0.1058837262555361,0.06983052439101112,0.1023157052874506,0.06520851509672454,0.1099094701306953,0.10960839765462893,0.05893610563683893,0.08269412185061231,0.09254951611731421,0.09401560560078082,0.15502878045036983,0.1690419519064692,0.1354036271266521,0.17881983617399655,0.14261513996937403,0.09183243071765101,0.21713654769922108,0.08169547828065671,0.11207927474138746,0.09493964566207147,0.09567660683341117,0.09936983737585514,0.12615537508978303,0.1205553104441881,0.15221840006419907,0.1491545393759237,0.0842112731108875,0.13621553856864654,0.1317969502350298,0.18000956112563227,0.054717700425525706,0.09306412043867773,0.16309645535651018,0.06541899977592625,0.14263492355008722,0.0699869307367127,0.14430354816913038,0.1230407649041938,0.08548744925151563,0.13920547388475324,0.23228194218088039,0.1429800886070165,0.10931415126744337,0.12388564641472488,0.09225594255164449,0.06981019434800917,0.08083675530126122,0.06264932308614757,0.09344390333245656,0.06869180714060708,0.16098434746473966,0.17839756454926992,0.13172716379250726,0.17538062998105985,0.06343263566146273,0.29012435297396877,0.11317677391461345,0.13812208805961568,0.09111297848184119,0.15031746184643158,0.13923688388176103,0.13245598886684462,0.12154001735109521,0.17980292170246948,0.08541557756452622,0.10917196587263778,0.1840278966649036,0.13818531139504042,0.20226785402078384,0.15522576306652436,0.11257898818054368,0.08938315473494907,0.1356124780210326,0.17385160613745487,0.13927487384780157,0.16005339456731882,0.2293534280341465,0.17606732713372608,0.2644927594818718,0.10343489148208018,0.07151773367258762,0.1360993561106021,0.09373248872857332,0.13903903199413392,0.07610418421478826,0.07414461994449617,0.07857678783942479,0.16341365875647362,0.17296348086617197,0.20680026459449774,0.1895686250465234,0.01030346504987456
16,0.21815495051637335,0.07461132101367429,0.06163986507348174,0.0741502615152978,0.08889763927524186,0.07811026211073724,0.10082928222322707,0.06172140790131486,0.10854433085135273,0.08997374719507789,0.06753271586262155,0.08517822556875032,0.09867325971188379,0.09889860921896343,0.148456731967892,0.13362361137654233,0.118941968678131,0.19628672271177283,0.17967312834977545,0.096964843052044,0.16788872127712917,0.07979941921771339,0.09886037533487446,0.09560264752535286,0.09528593750230563,0.07998709083089217,0.12132290808390067,0.11219002005934353,0.12082188174314279,0.12413960979271099,0.08166576805996417,0.11628125336486761,0.13047589645200475,0.22665169826583753,0.045467654570353844,0.09121982233524495,0.1427845075482388,0.06100240848960947,0.13506375959358508,0.0728465373433469,0.14076118139876215,0.09764015060575026,0.0978403182246188,0.11551916104364146,0.22277176903982188,0.12842954235489135,0.10448634645266353,0.11109982968623999,0.085834185464158,0.07271231548469625,0.06479466181973503,0.053971081886383665,0.09519466311725733,0.0711205883495305,0.1687965023656508,0.2107195966210229,0.13525616064966695,0.17811257531553437,0.052178828593020476,0.25846357627390937,0.10623851696342346,0.12299731328013941,0.10357156904014175,0.14943060010017994,0.12679214821446294,0.10665831498792588,0.10179335555229319,0.18793953428427823,0.06894349975080427,0.10522479100172522,0.18343457786611683,0.1511286707743853,0.17603994971142178,0.14385953215709169,0.09007545471447553,0.1042264800495083,0.1072632875029953,0.17151220415417967,0.12954268560384286,0.16021807876391936,0.19426940863247122,0.166406839448193,0.21586675682729695,0.10443724401906618,0.061739812687920725,0.12510051614721096,0.09344640126592818,0.14405052613123104,0.07929768870892673,0.07103975430084741,0.07784325145801319,0.1579283402045597,0.1892896814918883,0.21056935788279674,0.19359804927073565,0.007477369749744334
17,0.18021586100503661,0.062440165509617174,0.06380373788918181,0.07433991112111382,0.09715376043256185,0.07214418321591065,0.0828946538904285,0.04719625761479662,0.10808128028476283,0.10595707034035584,0.06446395032103958,0.08843566412299353,0.08405115966788834,0.0865644852897356,0.119526155760731,0.15834288006181296,0.11549051237859498,0.2029302151197907,0.1518210446292807,0.11212897891716089,0.17769841317545243,0.07826609481408475,0.09392104249465483,0.07865382900074636,0.08726805904322976,0.07218690274919037,0.11040157645009963,0.09818100176407984,0.1291114126202526,0.13527930540861277,0.09554092327921815,0.11510563850954991,0.1356322616818817,0.25963687593355544,0.05850849758856658,0.10445413058672237,0.1246635208623843,0.058636566487919595,0.1458273705884352,0.06955930789060272,0.1229796745155749,0.11399367659859028,0.09722743579445758,0.1579232999598581,0.2031917321649388,0.1357453967490585,0.10261746571972452,0.12571988171346327,0.09114719573293684,0.07976702158989823,0.0759887986766401,0.059733183385461075,0.09124291251798677,0.06796880367697522,0.1666661805234959,0.19818330788033478,0.11301132618879706,0.1630431148343039,0.055266085705984125,0.264033660748634,0.10927713100822434,0.11997994001080503,0.09881978205940634,0.15446706307125968,0.12208381101272625,0.1148035738738935,0.10962836912982254,0.1665112134680502,0.08120095069300781,0.10079294535527339,0.17418524555340564,0.15048416384991192,0.18361124968725306,0.13826280541490998,0.09474536068819894,0.09789563549838487,0.09932785938892064,0.1630403907536797,0.11190791550575163,0.1301250178641311,0.20739203132252904,0.1847089065644809,0.19489796463612663,0.09192915756899556,0.06720956420601354,0.1354640320464311,0.09998042453557776,0.12759502787466648,0.07326592810306032,0.06896825107948601,0.08233114754582438,0.15171348988230626,0.1600647468600931,0.1726681019314924,0.12711330659430375,0.0068511944263862645
18,0.17997147331971597,0.07276937507217163,0.06220804221500931,0.06577040884574448,0.10289866698328609,0.06599040335860629,0.09161728462018726,0.062208683417317445,0.11531097323502415,0.12052494695890914,0.05871029930929783,0.07690885970477979,0.0923112202427987,0.09326242059433465,0.12335135722077162,0.12676636459176827,0.12259621414464306,0.1692083509077893,0.14236856432602707,0.08563533982458438,0.18193894364979446,0.05936577206444582,0.09307243501925822,0.08250326295998978,0.09074847495061711,0.07668675504256495,0.12856127651457605,0.09588076791752442,0.12648351464320928,0.15141478397067232,0.07349206310788858,0.10665703075790045,0.11179958910240195,0.23206006574941096,0.04104247461937938,0.08986887431639268,0.1316406236115082,0.055321714996343196,0.11177282978221292,0.06535762857298621,0.12581606640403287,0.09073203610527347,0.09694044572718585,0.13079426067447208,0.1852678542906423,0.12679069001826715,0.10453524691281224,0.11693709538888264,0.08181372499507944,0.06490750571295578,0.06688335122986544,0.056639584387609965,0.0764336488937154,0.07016683543287616,0.15061639961630036,0.21564995588117952,0.10460888182714179,0.16005094792443852,0.05364224057177047,0.24153029736735832,0.12048204161179044,0.11374050484246823,0.10277541942684287,0.1549424525808103,0.10990699223216716,0.11406083085219532,0.1030944902353772,0.14559779071616497,0.06317465220830254,0.10535562753126815,0.13351508227651632,0.12310381456913166,0.16734087454887003,0.10817128422431477,0.09903081996446161,0.08590619481109218,0.1071811407717016,0.18431260081338863,0.11164495027182308,0.128016675204484,0.20487689178492463,0.17576947530399423,0.2507343637440682,0.09449434578789351,0.061203521578008235,0.1389075397602113,0.08804608471058994,0.1331160510545013,0.07279331738116745,0.05735299716223796,0.07278610215976578,0.15057083476190236,0.16360977832286672,0.18192612727660862,0.18661296138291572,0.007225604436580824
10,0.07091167321238334,0.04378404159310101,0.03769876239266923,0.04224969908264686,0.053472782911708094,0.057366195001765874,0.053793137495409926,0.0447728419353548,0.06839935239755413,0.0903648825465404,0.0465951592439211,0.05188913315279109,0.06859981206315124,0.03394792746442166,0.050829539463694395,0.11422484556444346,0.09763185609867708,0.038173138092004955,0.09923783385020624,0.051017804938342515,0.05639239607476876,0.07689258413834565,0.046871149264877676,0.034816155322056286,0.06327392244066044,0.05909627099114223,0.11492251235394813,0.06468046275375627,0.06642170574800721,0.16496442482983298,0.04314831347018666,0.04524886980231546,0.07004209351561697,0.09438665137510505,0.03248033797985439,0.04441264776054732,0.07718882886973688,0.04092516519377565,0.07565490473808412,0.04530487349518486,0.06619343430162905,0.04570647563723629,0.07434199301872546,0.08955017106324892,0.11315262608247378,0.057049031671232875,0.07536832878615929,0.07359183732552532,0.04412718363839385,0.03887688190265237,0.02872210744054815,0.04112444920445224,0.04917801097551466,0.04268324696542125,0.08939488042817922,0.12338049150447539,0.053294345010721944,0.0992950706354816,0.03807896607034955,0.1641175430509616,0.06561350352306183,0.06237627961194114,0.11498413979414934,0.12150783299010559,0.08683210634563387,0.08680341661384228,0.10549178348076271,0.10518036367865502,0.07664406752794939,0.08479425007118602,0.08840293819568812,0.05592177405335175,0.1012037005515527,0.10644485387773672,0.0777622366650439,0.04723735128658513,0.0732173993422034,0.15983006459448212,0.0761855778747913,0.07212308221163122,0.12966256167093526,0.09702873053276218,0.1675528366085648,0.06275266979100103,0.04306880206463504,0.07422638621115585,0.07771292732572377,0.06914966260894229,0.055524030515321066,0.05467643118876797,0.05860769392206677,0.07500582049937066,0.0672234824755451,0.05472762603632875,0.056632603605105025,0.046682369393129086
23,0.085833300495322,0.05798764788754829,0.07549022409242223,0.05201180796660898,0.06760491914455669,0.10731308614119861,0.07999998928995566,0.07652747729892218,0.1131996399894506,0.08419263109020214,0.08792730000797278,0.09604864313044814,0.114764195018763,0.1103218029008235,0.1527325873483849,0.12022952954735544,0.1182445524377802,0.1935834644444041,0.18175994631200432,0.10024352413025372,0.19165174972664456,0.08065668871736253,0.14000002134519374,0.10821881109705878,0.09818123198654405,0.0846556640094338,0.16303817787762753,0.09928214959955461,0.11477098863673696,0.19074457515672094,0.07425096326624736,0.08686652443033926,0.09003297280799982,0.18841402736220658,0.046701197998581634,0.09268438886845676,0.1571023164738099,0.08408243106386681,0.14942245976047275,0.08820022830387098,0.07095732815868816,0.08639119720735522,0.07659359161785417,0.08114076734612086,0.11349784250420836,0.060956725930595645,0.07565119090589434,0.18584591335921896,0.08915786162834483,0.07852811567289475,0.02871438135590365,0.05578872170214977,0.06213209663952268,0.06924562129615586,0.031574409384087954,0.03264836498724977,0.046792460080224085,0.20275982038635298,0.0254281920781807,0.1034036803316889,0.07683752626247609,0.17915918909846784,0.06593311984587524,0.11730988017063071,0.11172881548770563,0.0657265673176366,0.1025943396956186,0.10049481132891458,0.06107860844761248,0.08152345266920591,0.14044380899857067,0.2689136080021095,0.1574654770624555,0.15202290423677045,0.0892731341990407,0.07421711526301067,0.09136013751938465,0.20065549265201055,0.06320666087677118,0.2199565206236871,0.29182806988472265,0.14820843320300314,0.3764519538343869,0.15676703810158354,0.062269198121926106,0.13733727785991867,0.09594789479427934,0.07721296478332773,0.08482471787432644,0.07824971476909681,0.09844667219336056,0.1470693388839739,0.20807584201642904,0.21557590721925868,0.22456240715231512,0.049524337110612215
24,0.10622517720439895,0.052088246488033896,0.05106469294650928,0.03949121132517153,0.06003002101561039,0.055738007962879976,0.05816606084063558,0.04274413896126772,0.09930613487241358,0.07911303635171674,0.07167006455964664,0.07965766355496395,0.06656692499939387,0.061934563745291715,0.07918859774114884,0.09679029482128332,0.11178977548097002,0.15070455151909457,0.165703006857993,0.1128173912451258,0.17597059846387086,0.07173712661529841,0.12173326890616565,0.09752191967382551,0.0933173444214992,0.06398947621909556,0.10365672278422533,0.08537268692710587,0.10229514688379204,0.14697916943565303,0.07881176592510908,0.06095546241501504,0.07048001936176718,0.21775914982218758,0.05074421738957291,0.08330789628388313,0.15917541531321167,0.07126718929035203,0.13258752999366497,0.06217718005037831,0.07934351609494872,0.07137812500846863,0.04647428023332756,0.06184311694985567,0.07828188922407442,0.045740001022299026,0.06292203287053733,0.09254268375666719,0.06394342123247077,0.056677186599987994,0.025824448169209813,0.03630793494417217,0.046130408093928654,0.047820686497495934,0.03264277652984404,0.03320811321156514,0.05093627183065186,0.15501094107843016,0.02525866084342665,0.08347382965101469,0.07612835524814354,0.13230215760194852,0.05182344036688713,0.10511829528592642,0.0740064611014346,0.062220979554783895,0.07212026171840868,0.09218941164445127,0.0586581764885965,0.06819977487335294,0.13431021819210276,0.14967190194629065,0.12150424477333921,0.1244533743707823,0.07938144095389088,0.0789409563828114,0.10246248481830733,0.19649427086526128,0.10925266829502345,0.14537216468730918,0.22221488949917845,0.11941290459052878,0.294772716741611,0.11738074945146293,0.07642834859595737,0.09541662899203152,0.07980244851631912,0.0646792059855823,0.049951827227229906,0.07364882823506314,0.08279201016552129,0.1083427028266657,0.1977593342828179,0.2121829711477785,0.23359570355640358,0.026343843021181534
25,0.09120934257016167,0.04514505011291847,0.05374818550415039,0.03696585272952779,0.06343100218062991,0.05668119272768202,0.06695764966258633,0.05355237978880556,0.09198352783539221,0.0683829828228788,0.05772475781948394,0.059739838826438074,0.07047653643795737,0.05657386278202825,0.08187379308491982,0.11306037230647359,0.0942247220125374,0.14682584993998482,0.1419089112608356,0.08383474461148843,0.16614963490856116,0.07660137002617518,0.11451329638052155,0.10049292812124477,0.08063128059302915,0.05915524003996708,0.09613326248370857,0.07604834609503364,0.09854099660287385,0.13429015988840476,0.062444210066527006,0.05313946146340687,0.07093179665616534,0.10910918523937019,0.036058813515799315,0.06871860916626282,0.24993031064944127,0.04736566041729251,0.11777458055923873,0.05627370159911038,0.06432528956796535,0.08448076415676997,0.06359939959593985,0.05102805339532113,0.08812045845473193,0.0500571409480246,0.06753621855258363,0.1327794556958355,0.06526461949229834,0.05828209347298419,0.029685956436224625,0.041812518727471826,0.041401436553961446,0.046312313857518994,0.029558013226016033,0.028474290288674542,0.05444903059151729,0.19429764040981734,0.02463928281962069,0.08536019335108458,0.0636981113392201,0.13436700411806246,0.05730575365398449,0.08803844047302789,0.07285778382552888,0.05966255292061273,0.0709781310976485,0.103476045951723,0.0523266140472316,0.07603821063230143,0.12356414438545116,0.15644396413667572,0.14469406548400432,0.11320798040174207,0.08803925968960247,0.0685203072246594,0.10317496792800185,0.20398110784469203,0.0736601243291588,0.12977354151735376,0.2484716851048807,0.11274476014858648,0.35966466617190207,0.09421030269796127,0.06719413719167022,0.09309356312249939,0.07726070000993701,0.06954993510175367,0.053140350969663075,0.06191096276844732,0.12416252956366591,0.10682945190337456,0.22311582877551217,0.24456400264631384,0.24414485032036204,0.016762407559601122
26,0.08933057969407443,0.03781508840639258,0.047467247746959984,0.033887894359149406,0.05512373975633755,0.09123310862029221,0.10894632926634529,0.03851690005031827,0.09361321902796682,0.059180250445789895,0.05209113098045037,0.06342016434412656,0.09232309288633544,0.07990173498898612,0.08911897827961601,0.10372426723949868,0.09296241730645072,0.14963929699051093,0.1611234796839618,0.08956564439564652,0.19002712533337984,0.07776608089698822,0.09098789083906222,0.0740753064142492,0.08017349243091765,0.05172692837668702,0.09224303037509252,0.07525492974238901,0.07450394455629272,0.1263725108186291,0.06592402486335924,0.05405988959111507,0.06398173792209239,0.16287038157042133,0.04170467772415343,0.05603668672507833,0.15932716120734192,0.055361454148512124,0.1130758875184581,0.05657074055610245,0.06246692152198463,0.07451007350058969,0.054296388197620615,0.03989401076182553,0.0911575563282252,0.05039476534505427,0.05931561798396512,0.08166857892614399,0.06761362189871445,0.060271557480778615,0.026311272254118556,0.03473664494141815,0.0433518673127673,0.047103208924421214,0.027383055235563614,0.03168576707744242,0.05130452616930814,0.16092576465367614,0.022436400958922853,0.07365629843206545,0.060537379694536764,0.11686551043506643,0.05759696641384604,0.08802599772130737,0.08043281581065642,0.050712069643080504,0.06362311578442092,0.08858929477641375,0.047591605148232574,0.06897343700105818,0.1297633013890116,0.14429384613263174,0.1370371697515651,0.10216221755553079,0.08880837038885048,0.06235097047158611,0.10090641081520157,0.17145768452680876,0.07990261006748778,0.1281106430541712,0.19494736281654657,0.11142205374545755,0.22954848251756665,0.09140958429131896,0.06577589294850927,0.07620873412950502,0.08432244557767099,0.07077841843919641,0.049750084895747726,0.059497311400940056,0.08246159020223054,0.12138876677156762,0.28941187295908133,0.33949842208745906,0.2883090008193463,0.015567279900314368
27,0.08063014111111144,0.03958002734140109,0.046791156374509146,0.03815048266580856,0.071568646690507,0.061247280825396544,0.06513668908607428,0.04108986066416609,0.07626621005583889,0.07650416191647036,0.060321782442620986,0.06897278492788939,0.0939864195512814,0.08594960367454885,0.08510728765267617,0.10554609313456886,0.0833659884849487,0.1305776097418745,0.15811324379566294,0.10047827273899834,0.15217097609504382,0.06781254359094202,0.1145078717038377,0.08359267697234518,0.08726831509881183,0.061094488547372094,0.10522678755997728,0.08279793198224894,0.09775025625125089,0.1269751188961319,0.07867544469309529,0.04759483673709841,0.07329645702722543,0.16189651152649898,0.0496540184086105,0.07655042947427448,0.12475843251218954,0.04593376044783781,0.09810880785485043,0.05223557911522336,0.06110693769471487,0.0723604522769219,0.05175023822714664,0.04803190151940617,0.08239059860256992,0.05125758745734421,0.054356122963785225,0.07825981405677407,0.07875665616595873,0.07922834846976645,0.0265375739732856,0.03172877969477206,0.03770751049699994,0.03804015041905284,0.027850137372262385,0.029291305888798913,0.05157838201908982,0.14965262439165272,0.025722645842935155,0.06825103815972611,0.0697235468339703,0.11796672302984046,0.06100920963414502,0.07663241693673406,0.05834523224108734,0.04687458531995192,0.06957847308401632,0.0948560581217972,0.053334134172250636,0.0678729385789465,0.10862151535293307,0.09507402753017402,0.13456305951617953,0.10450368932049514,0.08579585486254881,0.0709968833783865,0.10552446877551347,0.17716741858200002,0.10889659413431207,0.29043449382727804,0.19472904787792444,0.10778118981028362,0.25930273350584265,0.10251408675412499,0.06479752911549852,0.07877371609392547,0.0692916881285992,0.06063826467224365,0.04778356760499092,0.055050610422731516,0.0920493123167283,0.10254221351826409,0.19414699059989537,0.23103423817486757,0.17687497727877677,0.016977371033592092
28,0.07382564566966554,0.04732261323124076,0.041077518122568435,0.03526338431531029,0.05377153847464955,0.06324876173697991,0.06635361112048077,0.04014431663121698,0.0722633668120869,0.07460450949572106,0.05881937267550619,0.06479215163560426,0.06798714530388361,0.05753928065483738,0.06660246164719918,0.08316345468726372,0.08163464785984687,0.15387934337645337,0.14115499737400583,0.07748841847645238,0.17456451509027904,0.06294879559613076,0.09062558441096247,0.06362051554700354,0.07619261801786337,0.05071419219435569,0.10628513787504534,0.07882215517704161,0.08593980980772287,0.13043134405307644,0.06135368025802812,0.05744565232362442,0.06489630028443605,0.16595956846026638,0.030936073286587984,0.055043345177256064,0.12563369055449947,0.042938439743886114,0.1120700929599705,0.04798065751104863,0.0632642845507081,0.055480566137700915,0.04679429890728448,0.05033385453516459,0.08405176989882301,0.050599758632361436,0.05007534478251019,0.07246937739173553,0.05063222223606623,0.04509396192366699,0.02792047072624726,0.028482578610466547,0.03341710191439251,0.0367037900299052,0.031111346385957805,0.02644014270007844,0.04961841753670315,0.13174938452948393,0.022173398350382012,0.07743144404806346,0.06117649504947442,0.08525254631844881,0.05175760123009132,0.10231970811262592,0.0620260019069363,0.046625962033267854,0.06663620840503226,0.10851731864094116,0.05431733316710208,0.05858274554203291,0.10826447135737016,0.09386313393115753,0.1124215779080453,0.07927344452003382,0.07825678545475334,0.06350779866697032,0.09029266715554307,0.1603147108205265,0.09342151393351728,0.11096451154202214,0.17334378694098795,0.10845323870644519,0.3157843265044704,0.07701884905134149,0.06467329878230998,0.09124907466333676,0.0697345192200789,0.06873566955828858,0.052567550343331604,0.05300007424863207,0.07202936044646702,0.10446558335379219,0.1967159331038948,0.2345893892113322,0.1918009202496167,0.01834421324394686
20,0.04716738582923696,0.05980650767322704,0.051975329688586314,0.041246666063805115,0.04648437874539013,0.06134339657181975,0.06106440818416248,0.04468809542462715,0.06298139419194593,0.04941829564205413,0.04230072654930517,0.05514656196102363,0.10253956838550282,0.037405625068687165,0.05414290690759227,0.0850390080652228,0.07400155005324027,0.02700818542117256,0.08691795365859978,0.0400861201314302,0.0637968849431898,0.05150418974531501,0.05553357043088791,0.0548628305528851,0.06095779917516264,0.04279531038803297,0.13298995286224358,0.06495166938498764,0.04954034933850959,0.18523510997922,0.0378725986431343,0.024127814037881334,0.05206341341189513,0.06551355255818114,0.022792095638084486,0.04221609264013182,0.0825339039013735,0.0671876213167879,0.06397030342814736,0.04374919750328754,0.03176523633744344,0.044276125799281196,0.034345677487961135,0.05004870295741437,0.07730408087009133,0.0303422994697935,0.05044243699643802,0.06920336359444379,0.046598011521961524,0.02891892368886162,0.024254792608730646,0.03297293007916835,0.027652421237353897,0.029034772666315156,0.036789830445810745,0.034070292542925706,0.0402041513526874,0.14305797789655017,0.02654395527093789,0.05803094603727854,0.03877174836418007,0.07044300948697302,0.06756404939079719,0.08510141484474065,0.04788016622671232,0.03258727649392834,0.09047856070486948,0.06908038731289601,0.05277786264619122,0.05397914844162255,0.0844230221796658,0.06205547818050494,0.08000671848673502,0.07829594467138135,0.09259610373314064,0.04130259810264958,0.06240002643171039,0.16559645618818664,0.05935489544939987,0.0869078914778445,0.15340081210563694,0.08572233056341849,0.2918986884399555,0.17641163061521414,0.04154696950653669,0.05911870725337254,0.07017744193576281,0.06518467172535125,0.04270414385636245,0.04959770794041729,0.0956533904842205,0.0548712686956323,0.07859140646834017,0.06564813241968537,0.0624381922675008,0.13285877522093603
34,0.11369098972177394,0.09210862738067771,0.09649270740130866,0.10585689639190043,0.13417241733109808,0.12315099819465036,0.09138746391277142,0.07386183954755232,0.1633110013116017,0.16444273641233842,0.08499022522781274,0.11081602594065121,0.09012872424208851,0.11009488583233562,0.197884341815028,0.2217150794659073,0.19623481516432495,0.22751440932115408,0.18911452655480598,0.1256031706181613,0.22667025083422399,0.12511954680296533,0.14217311709877478,0.10592955385194891,0.17763728225767839,0.11209451866674591,0.14482405064919934,0.1516282622956835,0.1594708593949976,0.18055003513693002,0.11616881532623324,0.14879554837693476,0.1518297606979253,0.2368574757756967,0.09194791548527448,0.10306626961494203,0.17408528291027636,0.09166343780645647,0.1535515413508719,0.11345330151518951,0.15978414191127221,0.1510411284804558,0.1306146868171698,0.14170721945334286,0.2660025015386198,0.16412127251176756,0.12639839764212724,0.17009347035490574,0.10435594585467456,0.08931061653612549,0.08090791302314582,0.07932583785667369,0.11892176149444911,0.08316281588621255,0.19999723721516727,0.21914112259825647,0.16552571172444885,0.2612320210322743,0.07079007947020166,0.2989314526087963,0.1446774726158342,0.14668792848047918,0.11548540222925752,0.1798871100431576,0.15584532313638988,0.17949567206833983,0.16158887253492527,0.20438802466303052,0.1132729239675001,0.15164198084827518,0.24220522202614525,0.14005516699854237,0.2517670242998866,0.2148306383373857,0.14222319917961812,0.11656203697534995,0.1089172110780261,0.1262478557107949,0.05291546876519648,0.19300749640198234,0.31967500520409864,0.20672203272389122,0.3122178048613735,0.23517973066967368,0.050374257598293504,0.19875717371562462,0.13262063179756645,0.18953150771877603,0.1250660027175048,0.09398870588276775,0.11106471748765667,0.21738446727297323,0.14808001149026273,0.16294540332140928,0.1919425509224162,0.016872821094652934
35,0.10719056190272491,0.12850135061305146,0.15888309468549888,0.1463836277385182,0.17531911076924622,0.19642817500024545,0.1398055526608184,0.10876320499414405,0.1939531555523777,0.17573510854521768,0.10616309960922532,0.12593495923338693,0.1355980183152301,0.16313837719272772,0.2008863202758402,0.23891755177526441,0.21591481664388645,0.23608649798049708,0.20992579372048237,0.16523229084871272,0.23371941091394977,0.1803184485463385,0.1490041589157718,0.12136940370654692,0.1362908594553529,0.12990786200128213,0.1261400430580606,0.17435633718934795,0.20611348868681478,0.33729216671452544,0.14273273786044172,0.198502385280789,0.2071848658023585,0.20548507666309535,0.13656996949829558,0.1933517399569018,0.1993691696096338,0.11791403558032698,0.2309280288384885,0.13595060324381958,0.18925735969356516,0.19657440808588422,0.16844174978294468,0.2198036270041177,0.32287034824248284,0.20454897363911506,0.19148332119686096,0.2767614722302003,0.13072668341716032,0.11232453018177146,0.10892303426512395,0.08487431979787896,0.15806411402933307,0.12549328186681308,0.2099418372672721,0.2399332246537682,0.20544428691653138,0.3189565424815486,0.10029537527455101,0.31690221418710607,0.1915886659674344,0.22913297486735473,0.1546123697881061,0.18605874007756285,0.20163719284469206,0.1808966284198048,0.17023167093611757,0.28713653910865133,0.20889432632529115,0.2073352789936962,0.29829288080900973,0.15706999811428268,0.39465149026509927,0.3024789059859341,0.16898237614828115,0.15337692252182134,0.14705902045133623,0.12600206778208767,0.05007609642691513,0.2971172508558162,0.3255549818105754,0.21411601099930433,0.4433800670201107,0.2953674407065794,0.048338399676931765,0.26882262848300886,0.28055255792910394,0.2268423235026118,0.15364888935365517,0.15658563907258305,0.1733695414800076,0.31229921318715803,0.1842730121699967,0.20426196239094718,0.2579612821726167,0.031377363942036496
36,0.11402197374687395,0.09875698214463657,0.11122524324110472,0.1190851883114119,0.139848900723198,0.16666305799088743,0.16453147187985184,0.1018617671710782,0.15671929788829164,0.16210761195937184,0.0847786821229004,0.10289784716354688,0.11416219822975116,0.12592562141144992,0.18921299823089566,0.22381194763021295,0.17644541202605435,0.2114715629887618,0.3335698030933907,0.12323312622846494,0.21707454412251082,0.14714554911945665,0.14294629653059854,0.1263718894457737,0.14328053583863287,0.10131884043304584,0.13564998669548967,0.15390662376726638,0.1521016189823161,0.15049768071809133,0.13141873038910923,0.1837825556718098,0.1936869753865036,0.25386680130121775,0.07792954476501102,0.13549104854360916,0.22823393554113025,0.10011820453859421,0.23677459576282978,0.10284704537711509,0.15624067584281232,0.14611485404804636,0.1450948977120543,0.12764504228161577,0.27142102418901004,0.15915532045327296,0.11078489562856486,0.18933341621016098,0.09773422217571426,0.09138398145159776,0.08668779694475326,0.08523878325075174,0.11990228618147647,0.10072870339680762,0.1813898099288762,0.20967755139834665,0.2103550090362356,0.28662355120243,0.0740495714037257,0.2877451615346249,0.16363934604142472,0.2007619405955472,0.11329219510725075,0.16067276286889864,0.16845616134046804,0.13498594980728917,0.13659529503727974,0.178927765962289,0.11054992861800716,0.13549376318837236,0.25766689164435697,0.150021576561171,0.3001503923098978,0.26667636883439894,0.12568302729072656,0.10971473996027825,0.11334231289746555,0.12060862947845852,0.047229961052424496,0.15921437035326935,0.26837242984833143,0.19958682300325847,0.22440626216596993,0.15361056917556404,0.05034148683824835,0.23548814356996672,0.15419012067133941,0.19047608162647744,0.10991429323624935,0.10012922494881238,0.1092049852814192,0.17683829828009223,0.17073871199400203,0.18592143221393176,0.186746666111679,0.011441784175922898
37,0.10204950180590844,0.07346817584192689,0.11568313786124218,0.08912889901995413,0.11691133686115673,0.10227590840802936,0.1088921752445442,0.0930859171122167,0.13620666026386896,0.14488097459257965,0.0694116798387121,0.10294758075242427,0.10820269002987093,0.11063192581055148,0.18386555002474836,0.20504248771198075,0.15290089270552354,0.21187409264543788,0.21439765039947467,0.17038480517242416,0.20532776716438494,0.15894973347877261,0.1172223690789167,0.10290809033483761,0.1040539991778342,0.09239621692762778,0.13182232625665513,0.12347920620726516,0.13848933580793865,0.16048796909573948,0.12359644982866058,0.13976394974116957,0.16157180010693928,0.24024936876923597,0.1034368043685463,0.15542911106340185,0.1516353679939133,0.06840564467616872,0.17503771091345932,0.12758432735054548,0.19478571485902219,0.15448151559695145,0.1311226228964264,0.13417101608910453,0.26275370402700027,0.1667483030059147,0.13669810467782728,0.1579362357116869,0.14532789336714558,0.1470657109575484,0.10006670301073584,0.08294852935312491,0.11021196816845702,0.10320709407021411,0.1893722243472311,0.2164942785228421,0.17316894766456414,0.22465939214687936,0.08154126079558832,0.24262636854916053,0.15206852632177625,0.16221520177309934,0.13998006666285967,0.16373284265219024,0.14965531104871133,0.15060336823277876,0.12407880253529946,0.20501260366389928,0.1351929865193835,0.17286098706881514,0.30921872003887074,0.1268504292303838,0.27910235461975486,0.21056620031995887,0.1711342630025463,0.1603264907594948,0.12853272428538887,0.12410189584393283,0.05883772418791988,0.1979064347421815,0.2909026910431711,0.24430299357154617,0.2687515851251776,0.19335900441001108,0.046780621190534166,0.16725057032635338,0.1659776012838874,0.16037118712811438,0.09089404695265735,0.13619802480599752,0.11912876653398552,0.23994264592147996,0.13900943363200335,0.15479685189541836,0.12577114359020447,0.010698672134201281
38,0.10165251271920628,0.07548154738464774,0.06626607676539109,0.07802192367712557,0.10264268526471199,0.08430458995554879,0.10031406525487085,0.06437717108710661,0.1172786296720254,0.13513997462874094,0.07050338887516805,0.10154776857629155,0.08359685099961833,0.0782819489957367,0.14159059734732082,0.17229303860780387,0.1450544926090842,0.16592117709111598,0.17889889590394326,0.09684293406837607,0.20930052071342065,0.09345980393519504,0.12269591033345151,0.10577497589116458,0.12330710493838737,0.09305889750100516,0.11718998032067862,0.13919671132337985,0.13740929254301548,0.16076398950606574,0.1085294468361706,0.12954511399800772,0.1461591253469754,0.22830644366713226,0.061819115827948856,0.09334225262049944,0.1437408588128921,0.06892212215674043,0.13757074531079905,0.09788013356693792,0.15012193721180989,0.11009902676795225,0.1098492025318416,0.11732963331543633,0.2595799903445162,0.13242486344921467,0.11535491931108055,0.14281033635911644,0.08125855616987288,0.06799313636490201,0.08689392651522976,0.07733176965349742,0.10219632541445112,0.08162167278958687,0.17518454659309146,0.21395508214434145,0.12900501988679558,0.15938353397909477,0.054500840098897996,0.26292518075704585,0.11849272470255734,0.1338027231559904,0.08853038540067004,0.16841613699756675,0.1431734379534637,0.15191985157414756,0.13989510401107808,0.19609676650055619,0.09764434863880567,0.10973673007866047,0.18760111295587834,0.09376874630877197,0.21174262030796775,0.1894432634969574,0.11268118849780073,0.09457646999596925,0.10429436156016392,0.11257924287442211,0.05407577225683502,0.1535596035918232,0.25528359064771333,0.17634117298701302,0.25967619816886334,0.1384072410569761,0.03958831589519818,0.15725678224290096,0.10217417192522404,0.1414866118788316,0.0799453325153614,0.06744456696967838,0.0797731838874256,0.15685817922053324,0.13787146748101442,0.14410938063328338,0.1646735703825657,0.009431363761186695
30,0.03266455832740056,0.05503982512701722,0.060647150334760536,0.05287334524257803,0.057188540958035716,0.07379440267359483,0.07193170062828003,0.10776693714197938,0.08763816954417214,0.10112070077379398,0.043577879342787895,0.0598368904556601,0.06511571375930592,0.035948725374697066,0.058923963106289445,0.11414594298795988,0.10466931956413772,0.049618427035776236,0.17035942273382476,0.052585612174449015,0.07040554309335256,0.09252493789729144,0.051020035859054236,0.038295282101123096,0.08570560435803376,0.05783560251827069,0.12757244429448944,0.07606558930175211,0.06548566338722628,0.16058659261951114,0.05154595850292898,0.06716347511314869,0.07458811229555673,0.10494526074183508,0.027002317439413837,0.05350406022698806,0.08635508753607812,0.055286531863230515,0.08656826018432762,0.04641462480475145,0.07245054374224491,0.062251429908889655,0.06990568634367644,0.09467525147623146,0.11612970050137417,0.05562733858178914,0.07501339493909498,0.10322193428153881,0.04283247183319672,0.03871080206366395,0.02668827371686122,0.04772530065603853,0.07135175329904664,0.045542477601449693,0.09143274726182149,0.08952768795817168,0.09151040110987996,0.14186298317557222,0.04925127779240501,0.20315711118393276,0.059187967844926526,0.061838573282669174,0.06847058303777231,0.1132117977943663,0.09640647755397769,0.07887831607632156,0.09400702475816258,0.078558204728298,0.05773802204277345,0.07942869444637335,0.121933801214122,0.04406262537154415,0.13799144867543678,0.1406553007813951,0.07572157468787477,0.052710469703281415,0.06213051506568412,0.1463702796339197,0.0555187672090216,0.0717401417048893,0.16408579714931815,0.10639677385385315,0.19335414010761776,0.11047348206490692,0.032719910160648125,0.10532622119316493,0.10049414352435004,0.09102940448102803,0.05583304433388658,0.046814393491519724,0.08732332927602116,0.059735194762680965,0.07468629359264378,0.05987473998244641,0.04754231539273235,0.026616827054362524
45,0.20090920822656955,0.0867326373175894,0.07923933075243905,0.09416223642168742,0.12109606673960993,0.07498998854534822,0.10081129238488984,0.08703357255325628,0.139311081275018,0.17589743109812428,0.08203685811989914,0.10986535564286903,0.1053727658717376,0.1194329847775144,0.1692193524844443,0.22509020576467087,0.15215596786358088,0.22325773019344197,0.23054110539985562,0.10804343647794479,0.2705690027871084,0.12337969302986451,0.13729510414502144,0.13754831439400483,0.13005467504147905,0.10042129717574788,0.14856893915734126,0.15939283988105757,0.17161125740752858,0.16944548481225485,0.1152270819622041,0.16916439894194912,0.1647472304937354,0.16799629518747494,0.07570518267756121,0.1235073513185494,0.21468920971518912,0.0887633726086614,0.17314537809597574,0.1069406774714281,0.16736081072905673,0.14345562205048434,0.13530634888411353,0.1723499481870192,0.27780857160009376,0.17933906409401779,0.13064585998210898,0.16997902407257293,0.10852283914050531,0.0931646490919702,0.08683931670701739,0.07082499282000221,0.09969252732129608,0.09003361760500894,0.2478958918052223,0.2463692944780531,0.16752372341959365,0.2577182073189537,0.0768352672338235,0.3141892351259914,0.142485397861436,0.18880002361226467,0.12606367426524123,0.21422128503892512,0.1827402770287705,0.20459457415247773,0.17355441450864983,0.21207419967901409,0.10090611086715295,0.11730001087515163,0.2636919764700565,0.20538749665864398,0.2539921777914591,0.21854051835942911,0.14048263687231444,0.12961085805590855,0.1592890409973684,0.24732893784025922,0.18023647075579685,0.1565251230537834,0.3591466539831938,0.21004790136554696,0.31804835793072517,0.1425402775663036,0.09863909392727255,0.18539710838124268,0.13612925946171472,0.1818079043748062,0.10972495852921771,0.08851639711741299,0.1624277241697616,0.2271125415244608,0.2410867887195982,0.2908422509029247,0.26988856702318476,0.017055080690804303
46,0.19289882414111137,0.06502204768493236,0.07865551699720807,0.07403209929731602,0.09560891948115469,0.08282434100427238,0.09867925448957848,0.07033981010018309,0.14497983461607333,0.15234056562659504,0.0680797735537535,0.09413919965847306,0.09581867202946359,0.11046027217068666,0.16522894470322758,0.16783874964009815,0.145667230280206,0.21333424098699183,0.22822834324924557,0.1078618389874233,0.23778971157949247,0.11892077785746302,0.1284853025214101,0.10296411505289527,0.1261274887726458,0.09138677887727198,0.14464568732523553,0.12609751030578575,0.15075462021745611,0.14361467011698803,0.10621987376291209,0.13807048953955103,0.13878093180004392,0.2567269243386878,0.07105615966746903,0.09244508893866321,0.17206492411120422,0.07694818059964703,0.16311109134438517,0.08558822576996405,0.133483785474791,0.12885474927345797,0.11886431491887883,0.14039001794359152,0.2759466673522084,0.1507632262264451,0.11891961143733987,0.15771338854461803,0.08949189244702271,0.08550591070572455,0.07364228181805643,0.056567268534240434,0.09785037533229257,0.07804825410651972,0.17538150913453965,0.22664992077099466,0.15465620755737763,0.22755616252629185,0.06137830801332189,0.28085239871714585,0.13443539550167394,0.13691403520310885,0.11216253949924226,0.20001633503084815,0.1454880958335547,0.17822142283457687,0.13826517304017472,0.20227141611597332,0.10054321606145056,0.10024113389499334,0.23063816067513532,0.16992825179150284,0.19545688955089613,0.19031746405393068,0.11976360722231583,0.12038125949549361,0.13161020875210205,0.214050462380996,0.15494401923528933,0.13455838903598227,0.25882312567123833,0.19040933127325488,0.2697288797339219,0.14463451297508456,0.0765731282102653,0.15250664164309846,0.1284179452304759,0.17523879803070042,0.09853434796395888,0.08828291463080618,0.09540195610539204,0.20370052789875004,0.23029322776493633,0.2837926144991272,0.2537744070652872,0.011583672957761415
47,0.21602728978026775,0.0778089940298825,0.0789070977366455,0.07398726432951097,0.10654268213871987,0.08097354293008685,0.10227824561942533,0.06640882527521264,0.1160032874921324,0.13167102800048447,0.06781781674349308,0.08387864533535172,0.09350776804417649,0.09135761275014609,0.14178084416308678,0.18985469717055903,0.15429592961440175,0.17940287829478585,0.1836886480529163,0.11657197622228921,0.20216865770593628,0.11479653764099673,0.10915511629113261,0.09776144538073872,0.11774508351656543,0.08252440632370384,0.1498236099168846,0.11962811872441392,0.12380909737275125,0.12395056265463111,0.11770223755205222,0.12202166190196895,0.13484431003664277,0.23752769280540598,0.064276057591508,0.12147319671682055,0.15250984000527534,0.06809360981220358,0.12616687005870642,0.08517063907522626,0.12439266413039629,0.12090106694409641,0.13696908250023476,0.1405186039221622,0.2682438098109241,0.13084640491842414,0.1216647962025208,0.15237531683033012,0.0894321567272982,0.08521526206489405,0.06734972086797786,0.07536666854546148,0.10646228876036723,0.05844779882991258,0.1909310712310317,0.21983578205657217,0.15813676474800697,0.1940164036645955,0.05715693676986078,0.2997310872852097,0.15202032210580008,0.14828827055509652,0.10259329127199912,0.17583201464655218,0.1470490359002845,0.1569849062452846,0.12815236625105975,0.1837021897106954,0.0976820946953012,0.11225615836954628,0.20951996374265036,0.14340115672313214,0.20259916999599792,0.1639175607628509,0.09640160272893628,0.09050776788994863,0.14259616585030166,0.19185354715021408,0.16572920697093974,0.1449262852724189,0.2416474462215943,0.16450992018087085,0.23237965212785117,0.13153222598228975,0.08300922906468866,0.1373499822384785,0.10047258491885813,0.15236433494774637,0.07326640580390276,0.06648275635135903,0.0980754552997869,0.15342541232825901,0.19775864040116353,0.2537670025250547,0.1897406258957508,0.008461061492110566
48,0.19572798011946801,0.06812363318792691,0.06426418201786088,0.08442134343372931,0.09878045950579128,0.06861853316701705,0.09553629716451884,0.0649006002404029,0.10617788536340811,0.12938889186504454,0.06328776555978788,0.08863670675548452,0.10361931014836134,0.08191327653274882,0.13923769625197568,0.15212346008903488,0.1609260164569557,0.18367251519449823,0.16781035781149978,0.093962092069936,0.21395076804072666,0.09674120933473507,0.11295206255072188,0.11507957139122471,0.10564752791925258,0.07992803615092114,0.12241951992597144,0.11787456087865422,0.12402496052175138,0.16038266604100215,0.11143567747917071,0.12372943418642812,0.14288369218577124,0.19337370163876422,0.05204754061303252,0.0862230501794583,0.13956604920177718,0.06522493972411159,0.13092783612385706,0.08031498579759777,0.1296510412961993,0.11619064864153739,0.10771873360804918,0.1264617754184023,0.24366531444033068,0.11786730692743941,0.10112980142735761,0.11899246059518731,0.08167108883484264,0.0686028719441989,0.07270126539726274,0.0576691563616718,0.08047294840036656,0.06779141514421294,0.1738201952903342,0.1908999432894669,0.1377704165292739,0.17606926860968564,0.05405732054357859,0.2717280859268918,0.12347660488043921,0.12344709313947178,0.10937358352452264,0.1568730958472484,0.1425541470570142,0.14002310446535748,0.11350500506148897,0.18016430242748438,0.08540842484835487,0.12031800401719739,0.15920452331961243,0.14161641300974015,0.1905592789561812,0.14211450649737678,0.10042934345755317,0.07512400702496702,0.11935587529331926,0.21135639502309633,0.14761368390852248,0.14544784729381632,0.2246438673647706,0.16525483532293883,0.2806464362083263,0.11371608236312891,0.06659740580868956,0.12068793005845535,0.08598427748598425,0.143588395815196,0.0758338525975848,0.06569154535591881,0.07561419139533854,0.19290743433268176,0.2398151489643512,0.259469562357169,0.2565211675157846,0.006514817810677087
40,0.07565893853779482,0.04044565396507149,0.044362615001387606,0.04184723060405293,0.05085548987156452,0.05647315350715587,0.05384288661542369,0.03949901534093048,0.06927503728433404,0.0694901984908376,0.04232655960639509,0.05051797585687856,0.06404304445147568,0.03693317051799294,0.05718232587229988,0.08120555665336227,0.10190928439501334,0.0359000581231097,0.09542919071051736,0.04243582790591116,0.07135437744464346,0.051786546921827714,0.0458442385978719,0.043405991032953395,0.074544121006487,0.06038495829854673,0.08815212660010374,0.06946810119453728,0.05417915468888923,0.12244286082743638,0.04523599039874382,0.05145996055663282,0.0808171720842008,0.09296844692484685,0.025895156762921978,0.04455280247392279,0.07461573793245746,0.041827218698594404,0.0559667607094223,0.04948554760757906,0.07404550518598851,0.047550414790808126,0.06786932361043974,0.10336337400102646,0.10481867268623146,0.05435135327994267,0.0659676774724165,0.0670669200961882,0.04547129928808458,0.03612809751567081,0.02761135553557814,0.04386397151632515,0.059265354982531715,0.03883681368987446,0.0596363327563223,0.08748967897582904,0.09259933142398324,0.11007139963872747,0.03997985221939393,0.18846183563723073,0.06429804691999674,0.05225521884984907,0.06330430860388336,0.11038141969494397,0.0874176576776926,0.07578520865472793,0.08572941110682786,0.07578554689985628,0.04440344893146708,0.055398159695791094,0.09990753774837646,0.06284305166819992,0.10254993796479717,0.09472941778577226,0.07513045401364016,0.0505771151546317,0.08410210657286399,0.1444104101063406,0.07240814785899552,0.06584523252203844,0.13776948435826286,0.09810055113414418,0.16902205962695804,0.0677941942429543,0.04331285598413004,0.07925679736405122,0.07021815705257861,0.08639200368859079,0.05152751778031206,0.04328989851055365,0.057571776473054115,0.07584487219890512,0.07274414644090221,0.07579743605630185,0.06382714522021304,0.006215535159929786
56,0.20654795325057762,0.08764906687710994,0.0911012301781069,0.09164612543613071,0.12522113501745213,0.11395935684291736,0.1209354622799772,0.083618908283146,0.22546920244925506,0.1367666872298514,0.08827015828371554,0.11111857747293907,0.10952750109325038,0.10304145735135961,0.16889471152678404,0.23110134900174106,0.18577707317407643,0.20785074395871916,0.23387438447842612,0.10812214331618719,0.25106144976671807,0.13191326559489447,0.19228442495547782,0.12476974226837889,0.14713979651311426,0.08277466552644519,0.17943863033195306,0.1556358721765747,0.14137868511736862,0.15964433753860696,0.12226783212779946,0.16310249457212223,0.1843229089477214,0.4053340774922689,0.07829979364800987,0.1282932727069266,0.563407854518946,0.10974304262884349,0.25863285864727104,0.12165967354420637,0.21404657074973432,0.21314436281712545,0.9506668413208557,0.12665686458785608,0.2884079312568639,0.15720691188806413,0.14893579042359573,0.7857682310068173,0.09783676700251842,0.08878548354067117,0.07879840990844933,0.10830141354108846,0.13595684288773047,0.1143174468754804,0.19366389945846763,0.2157761494480459,0.18444716388855387,0.4170996795946529,0.15115566611608156,0.3040108760368794,0.5213699375908263,1.3115307634727955,0.13673962920828053,0.23911130254846658,0.24338911020138188,0.17055913429313474,0.15141536991128923,0.1999602188287577,0.10644718720028035,0.2004204519840993,0.47982874579779367,0.30211130710689904,0.2981962656500823,0.45754616035015694,0.1913501571918319,0.18145777309484856,0.30389149866064447,0.5176789704243587,0.4338436695221626,0.1801756509800745,0.32276287435608353,0.2953955219348723,0.43031547834872264,0.18439799218311048,0.250041348766854,0.25591958240179835,0.16212289207193287,0.3089478953042484,0.24190616367318452,0.1350029879793695,0.23748967648922115,0.3948443224807221,0.2964201075381725,0.32454321262953023,0.30010678144249425,0.06418191464637424
57,0.19301208684451066,0.08669617260868723,0.08467593690879749,0.10197271672387043,0.12223286627369045,0.09747060603004876,0.12797069439786757,0.08884117613512021,0.1688145514864816,0.13197100429310193,0.07957703423372298,0.10741875698872771,0.10654841639777679,0.10051327309648794,0.15584821979275265,0.21111438292592144,0.1794739465873043,0.19855852806540408,0.2133667421449701,0.11432559771069783,0.21769357273874057,0.13377539287394757,0.1401548056459765,0.11340014531932407,0.12060209942627598,0.08093019499540155,0.16329213094023753,0.119565710530539,0.15597429730315326,0.17542633205586,0.12250584265791176,0.13938204181335934,0.16703519942154088,0.19391977781200875,0.1091773951939814,0.12244200549058082,0.17879607787549912,0.06476607526104239,0.16895621787108261,0.0934753576843006,0.1572235685500596,0.1845863286015934,0.14058661190271682,0.14575950670860216,0.21812277962073168,0.16246544556053522,0.12190168497070708,0.2191455962390263,0.08638723383634606,0.0854860158121511,0.08755518346999747,0.07057086996891027,0.10605209528317339,0.09609579179077254,0.2054567601599313,0.21622576995174736,0.1820686987313369,0.2535257925536838,0.08713283713182385,0.2662422343763122,0.1587078338526382,0.19529513171741542,0.11581875009230203,0.19143976379442762,0.15462970346996485,0.14180248425665898,0.12071737688452977,0.20616062586925832,0.11548310306737442,0.13834721179364173,0.24929404562867852,0.15415360295499525,0.306116390980562,0.2369081654160361,0.14275628035840882,0.1282019674857935,0.14542075653722986,0.23352673357902365,0.15456405090187975,0.15343316401910112,0.2771778457217611,0.2523441098850787,0.26238818140115683,0.1657695836147468,0.08179801787666285,0.17525433607088292,0.14758828800476564,0.1757685271327798,0.0991680762727114,0.09694651403775989,0.20962198228026718,0.20145590307988037,0.2211331887757213,0.27401677341745234,0.21261223776914218,0.013026751606632914
58,0.19525850136763712,0.0714685619707538,0.08202126454961167,0.07987016664645097,0.11542321978234682,0.07303044875428544,0.10626800474402298,0.06983849443818713,0.12193677579064488,0.13153687667179526,0.06658803027888904,0.0924419579486333,0.0948876908040246,0.09899787085703693,0.15711976761474666,0.1998264977617552,0.15955463459948316,0.19742252479004918,0.2046159617737171,0.09135079150883207,0.22732091058584913,0.11463053967030845,0.1209576152317311,0.09394855295365456,0.1118394516352419,0.07961077539368588,0.14094485087500708,0.13421380531114302,0.13079355677715654,0.15393512867612635,0.118604814009168,0.12325571691077641,0.14136366132430656,0.1565027141899491,0.05817539097921198,0.09903911308008517,0.15704502848778557,0.07010084708354114,0.15142070114371808,0.07652226324265676,0.13782887746243055,0.13297857303082417,0.10005695313818297,0.1304776469536213,0.25036615760963166,0.14791474558261442,0.13035930857394185,0.15221390762313547,0.0894458089989536,0.0766375308498155,0.07382436529480518,0.05240316017091029,0.0935020820998691,0.07473960355952158,0.2033982173995721,0.21104801305921583,0.1301482210490823,0.17878156129921408,0.053856959917153446,0.27282878642305874,0.14876657208273514,0.13210565598503798,0.11139419653333427,0.17772896967719376,0.1417542501537845,0.1331353424256081,0.12398445104571287,0.17575559985748157,0.07721875870711692,0.10670721125229399,0.20596320765322318,0.14351643498997113,0.21386582416097433,0.17667131524381752,0.10832980236746881,0.08670183476681714,0.12071576194880329,0.22147848841195295,0.15450220009933702,0.15273239478193812,0.29279817874784353,0.21232260809209258,0.3131955476726951,0.1235551102768131,0.066856126344784,0.17043179637193262,0.10737582720099326,0.14356606282670903,0.07900894690288318,0.06011521119632768,0.10670943317938075,0.2095743356079911,0.2297117442851091,0.27654808420273636,0.2679349713709742,0.009946838390466617
50,0.0695731002705462,0.042694278930628826,0.057530272340176936,0.048875722595013826,0.06034701884391991,0.055859970703216355,0.05197589116545753,0.047627863616019006,0.07087168534216737,0.10452130789903036,0.04600116129374676,0.0584158210942789,0.06673468366271429,0.03943086443460775,0.06780924628293672,0.09222747752074323,0.1103956359719307,0.03889779778148794,0.09915508939741446,0.04279868011177612,0.07840185765241525,0.08163490633486337,0.04952202711042375,0.043434487752256334,0.0711823361135373,0.061633659761582305,0.08807259353506769,0.07592926734475602,0.07148259212375097,0.1345748591468583,0.05158142214325112,0.044221121722937795,0.08404873228748899,0.07325225606359176,0.024081272799637787,0.04324859995038155,0.10593877377813099,0.04755830357214341,0.07524757766552481,0.05315688272046115,0.06306131356577271,0.06886647443059246,0.09115662891218967,0.09958578324017964,0.10415235573705406,0.06311304498729386,0.06190360857131427,0.16887956790908998,0.04429491772372973,0.03471903949634658,0.02315697015218099,0.03725023801050309,0.061289828892880927,0.040840749096816786,0.07578451244548035,0.0828259300246117,0.09273900806138391,0.12369087516841226,0.04359535549938354,0.19384347333944962,0.06400328598615213,0.0667234528730769,0.059482770638280336,0.11109088129217737,0.09361924257163645,0.08000843093301357,0.09079161689493542,0.07060616544957554,0.04973977981701694,0.07386136875772698,0.09832228518983577,0.0498281043730322,0.12528975472264392,0.1712481990394199,0.07578238014337257,0.04685651514996758,0.08650791166347371,0.13204057671182223,0.07534852697183414,0.0700744102767672,0.14644543132599797,0.11366149743157727,0.20895954063980682,0.06207631165415295,0.046664892069967934,0.0815053525746654,0.07142347230259816,0.08838859769665142,0.05625696325119289,0.04548659651766673,0.10052336137273876,0.05844962418646915,0.07678984730558591,0.0695046236931427,0.06817021946446866,0.009836258207650772
67,0.18679213989301946,0.12044932892052174,0.0820290599343183,0.08589461273247956,0.1391227855449788,0.08640243419991744,0.11723430583708527,0.09391874184099436,0.16670761528725997,0.12938589146928958,0.09650908874608177,0.11760412092706218,0.13539600565752696,0.12415338999534242,0.16730240070991176,0.20813980566400936,0.1800009960762603,0.20935698586012297,0.28100506762091726,0.13189699188066228,0.251281028895999,0.14985648306722688,0.13292804762740396,0.10046441726124389,0.11640178942624946,0.09774611481416873,0.1585307839779979,0.14497724043543503,0.18563735594722974,0.16836910507658587,0.12704687635239065,0.15080894558857683,0.210977729079465,0.302780314235398,0.12960042809698802,0.11669907477737418,0.17173402090812573,0.06623510950648903,0.1602652669195077,0.08511295782690631,0.1721520263466898,0.1449910851133458,0.12159302567894414,0.14142585772723226,0.26437738646049525,0.16799541596882506,0.13128795956262174,0.18245186586463902,0.13577536465539541,0.13147850229004554,0.09067368929158093,0.07911630381519075,0.127512941980914,0.0978035013575127,0.23060274273371206,0.2632676924607571,0.17495557946239249,0.21025279657819773,0.09088703227942752,0.2671019634335323,0.17191331081797934,0.16406343257762313,0.12143914316915705,0.2146135138617824,0.1386845453124934,0.1695487365506203,0.15111086598328693,0.23983553761977827,0.10946165498022165,0.14477178386996759,0.253555448871543,0.17970289498350311,0.2439023826219593,0.21196625619526266,0.12134176039681055,0.11766124917235832,0.1566220323832761,0.21331685807122192,0.16369546226697906,0.18508602609906433,0.2947699076219008,0.21529725907402053,0.23466355108504544,0.16948380831872,0.09113926729734168,0.1608428432554705,0.1544842791156853,0.1972963661075049,0.11464936198779796,0.09555281112725211,0.16349956610494232,0.18015448863223416,0.29305487981320155,0.3201831948648577,0.2635463206354203,0.015473938486706196
68,0.19897756293749858,0.08088320365883561,0.08889538296660149,0.0835847419482576,0.10074601234366032,0.10666083771634938,0.11547030347013365,0.08402829760459518,0.12319568018565352,0.16337460102513823,0.10499178950191457,0.13979661836221524,0.11459213429405146,0.09299967408114629,0.15469975851106987,0.18461147373555775,0.18813782158981596,0.24273072682292263,0.22085977837470772,0.12136834089961024,0.29131632108682215,0.10404989714210178,0.13919170665788716,0.13194329121014814,0.12910560557696193,0.11803590945387477,0.1294269183898491,0.14550006607755517,0.17762431381666222,0.1723270642078072,0.14915122949957116,0.1471150140003079,0.13999179331745992,0.3318475337504134,0.07363031429497813,0.1150070670970873,0.1876774215271233,0.07382473333581085,0.15329844876237697,0.10513704582581251,0.13622682452032553,0.13480135666527637,0.12691428273848082,0.15302956461614237,0.2733689534476076,0.14754700003625487,0.11389055654712177,0.15282775315944708,0.09421957289968397,0.09201948453939757,0.09169758869658207,0.0802940445449618,0.11630712911783547,0.07172868445674929,0.1961203854640372,0.2599375395380985,0.14244640612918325,0.17881244706923205,0.08218049357947521,0.29809319687099833,0.14623031614000226,0.12782844675234095,0.10477709317051076,0.15670254828953567,0.16024799427699232,0.1436883119897896,0.13571359815533235,0.18087240837143348,0.09552110349140541,0.11897169395383411,0.20004806500944916,0.2002378445223032,0.24864132071811973,0.17675103575032214,0.1144177751330524,0.0992562583841261,0.13886452478582534,0.21523901162529757,0.19295059268470638,0.18081976486448248,0.24099725990371113,0.22561060092252738,0.28031386900785726,0.12139670172561612,0.08659312585969303,0.1581925219628877,0.11984583947397986,0.16104929885601305,0.09282275223537528,0.08625595940491593,0.08636906450294202,0.20681450399487034,0.22265560739519152,0.25527780159625735,0.23193818310033798,0.01819196162419434
60,0.0702437405883165,0.0784986498600535,0.08074338267085235,0.05623320064354731,0.06214820959121514,0.10004212468840645,0.10890113402647339,0.05833756295251202,0.08479284905116025,0.10094098615812586,0.05066484261837534,0.06123578002542018,0.08128693283021882,0.04552262365521553,0.07246068783823656,0.13161226789611602,0.14435403142701642,0.040075389572044706,0.1191796760428625,0.044457514696863765,0.08790190932797959,0.14826261304271604,0.05504517031131151,0.04828208748406304,0.09224214613604698,0.054908904009429715,0.09166812096070087,0.0989386075520815,0.0825556987794247,0.1105650326697436,0.053414253280146706,0.05346094517274391,0.09125727210245316,0.10001134846723936,0.03251238740586171,0.04825300979541636,0.09115428385908153,0.0475124827184743,0.07316104435711956,0.04743176811603522,0.06988660915876199,0.07706334319192543,0.08168473700078405,0.11970114341016469,0.11082480778792192,0.06592552874958546,0.06772454025021712,0.10924400164973846,0.04526902353119855,0.03582514087186972,0.023212617129476865,0.04671541318820527,0.0714877850534541,0.04853387518119767,0.0629252131389677,0.09471560264074075,0.11069688684952439,0.1465205455559424,0.04090557324162525,0.19823433200521556,0.0662243381855121,0.0647000629163661,0.07386373685984626,0.10553014457631438,0.11471142157890135,0.09207112221065827,0.09252003146684995,0.07844134147838355,0.04912281650086392,0.07270887223841038,0.0983727646133099,0.05384178556988184,0.11455769986299646,0.14002877626969656,0.06682694841126491,0.044799788831982656,0.07745189257686391,0.14738137253909178,0.08662730939927332,0.08321658702830748,0.13377801898662334,0.11538524357324853,0.16505145697387658,0.06366801494671082,0.05306761268358784,0.07995427986333414,0.09344489279356605,0.09557459582736438,0.05749364084416797,0.04922236813544911,0.08030017624063124,0.06595600291748926,0.07597908087665406,0.07108256230552445,0.07217549206877782,0.01548968929710437
78,0.17241373345169464,0.09566059048788755,0.08086937374709358,0.10168723800046475,0.12187136274334165,0.09139939814560716,0.11334453588958837,0.0757323093674307,0.13969583582845768,0.16321728518402967,0.09931295430429365,0.13467026004786664,0.11289090417865033,0.10808046971521268,0.15269912018263643,0.20269752630096693,0.1783259503152923,0.1849335039047988,0.21100598073157428,0.10500835875573422,0.25874522713772574,0.14136578329891147,0.12881292740586936,0.12330288859662453,0.12224103774460282,0.10832023741120533,0.1360475071593168,0.13006207761367605,0.16423704162917208,0.16426898670028756,0.13165322422319914,0.1348328490631845,0.15534147352079408,0.23720469978414016,0.0670413939588439,0.09747859240413259,0.1588668445884034,0.08009886376546582,0.1430201477080475,0.09381220171270144,0.15520402942719436,0.12350261980595612,0.11418328999534921,0.14338371513005832,0.2356953442154488,0.15141015185298645,0.1348332070000593,0.1736105897949196,0.09533642744487025,0.08562638349332108,0.07280871731179506,0.06450435938074417,0.11519119997883998,0.08834728250183499,0.2178966506298483,0.23380278451626513,0.1619565695544054,0.21251511100816955,0.07064524282720264,0.28643900332332173,0.13654205612477366,0.15300784002349133,0.11168474249303095,0.2046390348449707,0.1459743395066635,0.1653766790232174,0.1319466188234042,0.19470003167651573,0.08559100324705504,0.12106802573513864,0.19341085508986922,0.15216674234394123,0.25493272958247015,0.17716353263561846,0.12209194636664744,0.10421970746086906,0.13233765633098216,0.2024553877401596,0.1820156200511871,0.14326953057271918,0.24470116900952643,0.19193852123588417,0.3030972887961809,0.15312314892876788,0.09552761712179247,0.17522478620315063,0.11383336066809235,0.1915967673465797,0.10111078361940162,0.07688008780687827,0.14428879629090918,0.17268400558790642,0.21854831793159413,0.24282210452492503,0.21348482168933014,0.015429869615956271
70,0.0750883417744892,0.06560752124587577,0.05194248026876469,0.04607693785783695,0.0655762548237333,0.08376871313673817,0.07139809293224353,0.05452545566934752,0.08469904772770942,0.17031650619716876,0.07952239922830984,0.08337469064239533,0.0740212882171063,0.040664021219321,0.0704277265874409,0.0932100714410451,0.12058265605031249,0.028594368350761457,0.15463821794828236,0.054897829317940516,0.11453830106599794,0.07077272146448532,0.06921871259802526,0.053617012658815355,0.0881512432878453,0.1201456120960116,0.09552310380569384,0.09262454220038308,0.09330745286136732,0.15238539398754636,0.061234094564955655,0.059625499294746476,0.10221772417830666,0.1045711419162596,0.04015955383474612,0.06396695932977048,0.08623375565857883,0.04129063954106149,0.05812887886436657,0.0530037797428915,0.07340314198467723,0.06413556861024405,0.08506573099457349,0.1263060969201666,0.13340600530663282,0.07029086576791643,0.06719117474867353,0.08547384707741035,0.04296351531613318,0.042950373802512765,0.0312824974473922,0.0454435272245588,0.05825495565979022,0.04750992702791068,0.1071729213204069,0.08874660171607207,0.09271439489755773,0.1380744902817881,0.04486232732334994,0.21374978741710748,0.0697092984524299,0.06376538584423885,0.0805524697162543,0.13724495937218117,0.09803475489595881,0.08236738209748973,0.09227828271173166,0.09071053342202129,0.05872190443660141,0.09838533080701506,0.11848482796307724,0.05347949504474103,0.16815209061513325,0.10800828883521874,0.07458521391834783,0.055899617191872863,0.1001489512636784,0.1959673312693644,0.08634037171021003,0.10896587210977238,0.18215099287057512,0.13495355670284503,0.1930402921496377,0.08217181396704287,0.056534384246190506,0.1010417255603473,0.1870780751185972,0.1117466455944367,0.07962874108457996,0.06463180945018765,0.10299306710644007,0.06178574371630807,0.07918725731686216,0.08109160572666152,0.06792756022390023,0.02703301470683872
80,0.08158552527914598,0.0761688686487223,0.058652582982821055,0.05048336378730589,0.06439565907808875,0.08452109030909671,0.07201992157778658,0.07247335494067375,0.11049205927855699,0.19777979232224174,0.06720236238966715,0.07690184007631018,0.09050870214009876,0.037473973426489504,0.06934199263231156,0.09321884912472012,0.12293607027353204,0.029695509392840158,0.17094325632433538,0.054610998487298,0.18141173704028768,0.06199338412575095,0.08960938098818128,0.06497043836889205,0.14142251973771192,0.1380672696195404,0.11571210142946065,0.13894912693137718,0.12626817343121655,0.14455843323636142,0.08906771969695315,0.05548785591665517,0.0894778777949492,0.11832250964736124,0.034867013266390856,0.05148651503882373,0.08339496814405667,0.05065310969594927,0.08424727485450356,0.055267447892751065,0.06956022825096753,0.052725546247835986,0.07552686724121127,0.13397415898551657,0.12075963806917,0.06462945616596283,0.07129863086568644,0.10074260322023942,0.04416879668340057,0.033026086265183885,0.022169434182359282,0.04790283374618065,0.10024522497338051,0.06254703853340171,0.061899634746886534,0.07397266655762547,0.1485759120457395,0.12733740020316642,0.038711594194864585,0.24790353313255054,0.08265501745736747,0.05951235075410022,0.08244783466166439,0.1470694383531077,0.10115787562496914,0.09335619763295577,0.10819233319057542,0.08273630481107874,0.0705013929932532,0.0800645555851851,0.10547688863613658,0.06085755747141253,0.11770917289005833,0.10953859547006672,0.08576547426916292,0.054278447025381205,0.08069421320776193,0.1783956225972032,0.0841128501491406,0.07572360662856248,0.14123333352142442,0.11984890665159931,0.195083863340892,0.07516640378748685,0.056563819902856416,0.09768356843209247,0.10175747569622295,0.09169296091593715,0.05999587127273198,0.048177136597389314,0.08298659537249087,0.06951917209452363,0.08037403615872263,0.07490542414843127,0.06207993943202439,0.033440143111308274
